question,student_id_a,student_id_b,similarity
Q1,S001,S002,0.31497418244406195
Q2,S001,S002,0.2698511166253102
Q3,S001,S002,0.3749093546047861
Q4,S001,S002,0.3831417624521073
Q5,S001,S002,0.325309992706054
